value,Persuasion,Benchmark,0,4,9,24
0,Persuasion 0,0.6857016446563333,0.6878824889143552,0.6879765337579781,0.6879827393107263,0.687911037895972
0,Persuasion 0.3,0.6118109541992205,0.6177686846897077,0.6170383843944328,0.6163382945003919,0.6161833476313635
0,Persuasion 0.5,0.5494510052997985,0.5492469123916465,0.5533937807013044,0.5487307821367121,0.549797442921501
0,Persuasion 0.7,0.45464746262454364,0.4627191709867727,0.4530647325585402,0.45561436175106007,0.45604430401547486
0,Persuasion 1,0.7002231312214254,0.4078673920820461,0.4326973633039385,0.40246938914084174,0.35956613154698686
