value,Persuasion,Benchmark,0,4,9,24
0,Persuasion 0,-0.1174857142857143,-0.12445714285714286,-0.1241142857142857,-0.12445714285714286,-0.12388571428571428
0,Persuasion 0.3,-0.1,-0.11268571428571432,-0.1128,-0.11154285714285717,-0.11051428571428573
0,Persuasion 0.5,-0.08502857142857144,-0.09611428571428574,-0.11508571428571429,-0.10160000000000001,-0.1041142857142857
0,Persuasion 0.7,-0.03177142857142857,-0.021142857142857137,-0.026857142857142854,-0.031085714285714282,-0.030171428571428564
0,Persuasion 1,-0.3547428571428572,0.02662857142857143,-0.06994285714285714,-0.07200000000000001,0.043314285714285715
