value,Persuasion,Benchmark,0,4,9,24
0,Persuasion 0,1.2854697153690473,1.2785824873286162,1.2783544239835285,1.2783147846798817,1.2786849985489652
0,Persuasion 0.3,1.2131797882022581,1.1827257829059874,1.1859027910367252,1.1877034512462428,1.1896069346788423
0,Persuasion 0.5,1.1175336324563907,1.0795344972390108,1.0817568552449512,1.0917227918343662,1.0987887369754774
0,Persuasion 0.7,0.8727943013740317,0.8755522928653422,0.8645159516887535,0.871593486943712,0.8741382403611542
0,Persuasion 1,1.346834257626368,0.7353084733364933,0.8810315591841096,0.815088853782161,0.7409071224341396
