value,Persuasion,Benchmark,0,4,9,24
0,Persuasion 0,-0.3478700457005382,-0.3563916663950226,-0.35553046861847204,-0.35602204238535573,-0.3558052469575217
0,Persuasion 0.3,-0.2886736155620249,-0.3148225785616011,-0.3154890484092681,-0.3132710408726922,-0.3125316846477631
0,Persuasion 0.5,-0.22585539437397692,-0.25098400213325495,-0.28616127863714513,-0.24364431294672942,-0.24238019974441571
0,Persuasion 0.7,-0.12846454320432898,-0.12514206581074053,-0.13568081715217373,-0.13709073450288042,-0.13028154828462576
0,Persuasion 1,-0.8303618887163768,-0.07087314516559379,-0.17366576128758132,-0.18014008221667066,-0.06665338089688722
