value,Persuasion,Benchmark,0,4,9,24
0,Persuasion 0,1.2281043174222033,1.2222725580508271,1.2219454942417918,1.2219639580259232,1.222321758130594
0,Persuasion 0.3,1.131663587378012,1.1018792747908048,1.104376799775209,1.1054224944859234,1.1075118045159067
0,Persuasion 0.5,0.9993140394436951,0.9571517002168916,0.9638089771682532,0.9710675987947128,0.9798795623699634
0,Persuasion 0.7,0.6404616350420059,0.6532295841401399,0.632664446860706,0.6446252574682992,0.6451628648843655
0,Persuasion 1,1.2792762512551628,0.33814638799846103,0.6325223050977887,0.5354375400564176,0.3449479266032738
