value,Persuasion,Benchmark,0,4,9,24
0,Persuasion 0,0.5729142857142857,0.5728571428571428,0.5725714285714286,0.5725142857142858,0.5728000000000001
0,Persuasion 0.3,0.5517142857142858,0.5526857142857142,0.5541142857142857,0.5532571428571428,0.5528571428571428
0,Persuasion 0.5,0.5365714285714285,0.5336571428571428,0.5419999999999999,0.5330857142857143,0.5338857142857143
0,Persuasion 0.7,0.47348571428571434,0.4732,0.47228571428571425,0.4722285714285715,0.4731428571428572
0,Persuasion 1,0.7123428571428572,0.3857714285714286,0.6699428571428571,0.5649142857142857,0.39799999999999996
