value,Persuasion,Benchmark,0,4,9,24
0,Persuasion 0,0.34010321045274294,0.34183557441307727,0.3419126632547039,0.34195931157340476,0.3418099895636715
0,Persuasion 0.3,0.3056187027349802,0.30953281179279624,0.30893065206167414,0.3086161495294932,0.30851490238202406
0,Persuasion 0.5,0.27558446623414135,0.276769743593481,0.2794946178002544,0.2770755915186959,0.27774086279067933
0,Persuasion 0.7,0.22632462843982226,0.2300375781395766,0.22522384413547195,0.2266349393423399,0.22693068753655335
0,Persuasion 1,0.3299559307788806,0.16924563623880676,0.1378050311163755,0.1938060073189333,0.14943187430220925
