value,Persuasion,Benchmark,0,4,9,24
0,Persuasion 0,0.3401032104527429,0.3418355744130772,0.34191266325470393,0.3419593115734049,0.3418099895636715
0,Persuasion 0.3,0.3056187027349802,0.30953281179279624,0.30893065206167414,0.30861614952949307,0.30851490238202406
0,Persuasion 0.5,0.27558446623414135,0.276769743593481,0.2794946178002544,0.2770755915186958,0.2777408627906792
0,Persuasion 0.7,0.22632462843982226,0.2300375781395767,0.22522384413547195,0.22663493934233994,0.22693068753655338
0,Persuasion 1,0.3299559307788806,0.16924563623880678,0.13780503111637554,0.1938060073189332,0.14943187430220933
