value,Persuasion,Benchmark,0,4,9,24
0,Persuasion 0,1.9404089595983331,1.9221699286673133,1.9219958004182904,1.921605399376526,1.9225271974504168
0,Persuasion 0.3,1.841954959967286,1.7815143864048628,1.7888257730394372,1.7942838498805402,1.7963049137120348
0,Persuasion 0.5,1.718167399046742,1.6472169583921814,1.6478642326402893,1.6688501012122094,1.6794342634447201
0,Persuasion 0.7,1.387853922212247,1.375022419111941,1.3624807788865265,1.3747677914054548,1.381849806851999
0,Persuasion 1,1.9666925164843767,1.1531149598747348,1.3641828801187605,1.267042449412973,1.1618848512573652
