value,Persuasion,Benchmark,0,4,9,24
0,Persuasion 0,0.04525714285714284,0.05634285714285713,0.05748571428571428,0.05668571428571428,0.05714285714285714
0,Persuasion 0.3,0.08022857142857143,0.09154285714285713,0.09222857142857144,0.09291428571428573,0.0944
0,Persuasion 0.5,0.08022857142857144,0.09885714285714287,0.1177142857142857,0.10400000000000002,0.08651428571428572
0,Persuasion 0.7,0.1321142857142857,0.11577142857142858,0.11828571428571429,0.1208,0.12205714285714285
0,Persuasion 1,-0.14251428571428573,0.04,0.013257142857142854,-0.011428571428571434,0.046514285714285716
