value,Persuasion,Benchmark,0,4,9,24
0,Persuasion 0,0.6045420201997479,0.5898181067200112,0.5896993862758003,0.5894829105294233,0.5900816786856931
0,Persuasion 0.3,0.5424083738352202,0.5175466186374462,0.5177705903548915,0.5222982683453821,0.5206920240488093
0,Persuasion 0.5,0.5073754354640313,0.4586272083687988,0.45694063671816354,0.46810942821268736,0.4809531587241105
0,Persuasion 0.7,0.3915891416130283,0.39588450987124196,0.38691147903730827,0.38871057104994844,0.38700188176033806
0,Persuasion 1,0.9477756588493861,1.0020668296248931,0.9903802921871528,0.9872297909294079,0.9844964104891443
