value,Persuasion,Benchmark,0,4,9,24
0,Persuasion 0,1.2033441656793245,1.154791389434451,1.1553168856711225,1.1550403054202587,1.1554055563168484
0,Persuasion 0.3,1.106956984994111,1.0155162760552803,1.0178825301716765,1.02942736366626,1.0308947189009985
0,Persuasion 0.5,0.96704163968765,0.8438745613164489,0.8437322090340503,0.8747643850974358,0.8770741484328377
0,Persuasion 0.7,0.5900743283629143,0.5099866674835332,0.5124964872620702,0.5339826857581131,0.5542263970646975
0,Persuasion 1,0.030955242625301412,0.0,0.00808267773551736,0.010890757166681395,0.012144037928893446
