value,Persuasion,Benchmark,0,4,9,24
0,Persuasion 0,0.2966084179843132,0.29421257532541256,0.29519075809721385,0.29427975865140704,0.2954890893421231
0,Persuasion 0.3,0.2909713024825204,0.28187239201193093,0.2858971266840108,0.2887122181724124,0.2916142769215245
0,Persuasion 0.5,0.2372259798909557,0.2261622318033722,0.25126000973194434,0.23459173985899,0.22503970115629324
0,Persuasion 0.7,0.1628168550382773,0.12998610254243503,0.13415973914815818,0.1429608359138757,0.1490348268185159
0,Persuasion 1,0.0011202805164097522,0.0,-0.0009678916582281841,-0.0015191473551481602,-0.0011620833766766753
