value,Persuasion,Benchmark,0,4,9,24
0,Persuasion 0,0.2935902218923589,0.2895124490036288,0.2893330987566489,0.28924602740196126,0.2894223111994526
0,Persuasion 0.3,0.2699738112945277,0.2617243313407517,0.26168771421317233,0.2636892483671519,0.26287857055519553
0,Persuasion 0.5,0.2535406160885631,0.23460584280412225,0.23593383615126273,0.23956202511083685,0.24346128853429308
0,Persuasion 0.7,0.20612681224377372,0.19579433598366447,0.19331458490148168,0.1967373950911666,0.20054084507120218
0,Persuasion 1,0.067676279579584,0.0,0.027987564679391078,0.0353581720173319,0.03549305535810534
