value,Persuasion,Benchmark,0,4,9,24
0,Persuasion 0,0.5751999999999999,0.5626857142857142,0.5634857142857144,0.5632,0.5638857142857143
0,Persuasion 0.3,0.5476571428571428,0.5238285714285714,0.5259999999999999,0.5288571428571429,0.5301714285714286
0,Persuasion 0.5,0.5410285714285714,0.5014285714285713,0.49577142857142853,0.5105142857142857,0.5208571428571427
0,Persuasion 0.7,0.4846857142857142,0.4352571428571428,0.44039999999999996,0.44782857142857146,0.4689142857142857
0,Persuasion 1,0.026914285714285714,0.0,0.006971428571428571,0.00902857142857143,0.009885714285714288
