value,Persuasion,Benchmark,0,4,9,24
0,Persuasion 0,0.28802804484549976,0.2874636877331929,0.2881242718959019,0.28747343380890916,0.2883971073391755
0,Persuasion 0.3,0.27450615497974384,0.2714508993581573,0.27473959515390306,0.2766206980222326,0.2788180963245165
0,Persuasion 0.5,0.22188450262352932,0.21714089832238695,0.24261673380653426,0.22261553306342782,0.21483358998021398
0,Persuasion 0.7,0.14738648172148597,0.12085866806521486,0.12581921403753227,0.13300250009731632,0.13672947273381178
0,Persuasion 1,0.11003324736302644,0.009655843912537715,0.024599700241577534,0.02480229076907312,0.007875163386889709
