value,Persuasion,Benchmark,0,4,9,24
0,Persuasion 0,1.278469432057991,1.2443793348376042,1.2448075499301143,1.2446642925476956,1.2448785371785602
0,Persuasion 0.3,1.1964699768740397,1.1326556731649924,1.1330593270728517,1.140648174184762,1.1423133924532118
0,Persuasion 0.5,1.0753195174508996,0.9931000727972885,0.9935446065037374,1.0139228915101322,1.0154271703402478
0,Persuasion 0.7,0.7735124620125704,0.7351714624786052,0.7350721656175527,0.7482704412791238,0.7561625632443331
0,Persuasion 1,0.5326454081358897,0.5042694253838226,0.5094904215205263,0.5020392441586444,0.5017095952948686
