value,Persuasion,Benchmark,0,4,9,24
0,Persuasion 0,0.29359022189235884,0.2895124490036288,0.2893330987566489,0.28924602740196126,0.28942231119945266
0,Persuasion 0.3,0.2699738112945277,0.26172433134075174,0.26168771421317244,0.2636892483671519,0.2628785705551955
0,Persuasion 0.5,0.2535406160885631,0.23460584280412222,0.23593383615126276,0.23956202511083705,0.24346128853429305
0,Persuasion 0.7,0.2061268122437737,0.19579433598366447,0.19331458490148176,0.19673739509116667,0.20054084507120218
0,Persuasion 1,0.06767627957958396,0.0,0.02798756467939064,0.03535817201733191,0.03549305535810531
