value,Persuasion,Benchmark,0,4,9,24
0,Persuasion 0,0.4248,0.4373142857142857,0.4365142857142858,0.43679999999999997,0.4361142857142857
0,Persuasion 0.3,0.4523428571428571,0.4761714285714286,0.47400000000000003,0.47114285714285714,0.46982857142857143
0,Persuasion 0.5,0.45897142857142864,0.49857142857142867,0.5042285714285714,0.48948571428571425,0.4791428571428572
0,Persuasion 0.7,0.5153142857142857,0.5647428571428572,0.5596,0.5521714285714285,0.5310857142857144
0,Persuasion 1,0.9730857142857142,1.0,0.9930285714285715,0.9909714285714285,0.9901142857142857
