value,Persuasion,Benchmark,0,4,9,24
0,Persuasion 0,1.0355314089114773,1.0205720074719116,1.0208760643112933,1.0204197134872202,1.0209371143968564
0,Persuasion 0.3,1.0219494489154701,0.9912672453074899,0.9940842026948087,0.9988130706882971,0.9990459681517784
0,Persuasion 0.5,1.0058841577871382,0.9736217378863063,0.9729190077606793,0.9825435266620169,0.9848470526994231
0,Persuasion 0.7,0.9566551000755128,0.9350839207769575,0.9372024851162367,0.9416026613562583,0.9469822393447493
0,Persuasion 1,0.929510676274576,0.911160014769454,0.8783628210091121,0.8844688428216194,0.9099920226343859
