value,Persuasion,Benchmark,0,4,9,24
0,Persuasion 0,0.6857016446563333,0.6875460181643087,0.6865513254636506,0.6867829002330685,0.6869295908066418
0,Persuasion 0.3,0.6118109541992205,0.6108336009201984,0.6105993179603099,0.6104487030436043,0.6121769279652777
0,Persuasion 0.5,0.5494510052997985,0.5486126284473902,0.5490400160686502,0.5494173656772399,0.5483735138327109
0,Persuasion 0.7,0.45464746262454364,0.4551916033174449,0.45417883097853795,0.4549902108331814,0.4548450502142827
0,Persuasion 1,0.7002231312214254,0.7202993904083627,0.7298363493826068,0.7260288911186092,0.7211927176286445
