value,Persuasion,Benchmark,0,4,9,24
0,Persuasion 0,1.2854697153690473,1.2859517098718571,1.2858191471520977,1.2855844176347695,1.2859916952272301
0,Persuasion 0.3,1.2131797882022581,1.2197643556964683,1.2163876644093807,1.216671726082551,1.213610972114375
0,Persuasion 0.5,1.1175336324563907,1.1184836888658887,1.1174050085760707,1.1174717224042936,1.118705559560704
0,Persuasion 0.7,0.8727943013740317,0.8738090946783542,0.8739274477902007,0.8733152254822798,0.8732652344120642
0,Persuasion 1,1.346834257626368,1.3446926432924242,1.3526823830615813,1.3450080708979606,1.328912721963735
