value,Persuasion,Benchmark,0,4,9,24
0,Persuasion 0,1.2281043174222033,1.2284777419658115,1.2281596275741231,1.2281287183528966,1.2285116895124264
0,Persuasion 0.3,1.131663587378012,1.138359893626303,1.134741555989193,1.1349521887865879,1.1322897201211917
0,Persuasion 0.5,0.9993140394436951,0.999850706315109,0.9990795071232065,0.999067431479867,1.0005526826958684
0,Persuasion 0.7,0.6404616350420059,0.6408880390968008,0.6414947870981583,0.6406654121493701,0.6407531404940268
0,Persuasion 1,1.2792762512551628,1.2767463509615045,1.2869263206540098,1.2780865695970605,1.262592334807713
