value,Persuasion,Benchmark,0,4,9,24
0,Persuasion 0,-0.3478700457005382,-0.3469801543350473,-0.34620490788801367,-0.34693530358053815,-0.3463814705083605
0,Persuasion 0.3,-0.2886736155620249,-0.2816516063693045,-0.28369273574649223,-0.2836425138686622,-0.2903197017967357
0,Persuasion 0.5,-0.22585539437397692,-0.22219764285509755,-0.22618816403663666,-0.2255900477728288,-0.2266283851001061
0,Persuasion 0.7,-0.12846454320432898,-0.1282669444073313,-0.12938644623244572,-0.12839323424999827,-0.1283369697250664
0,Persuasion 1,-0.8303618887163768,-0.612742004467658,-0.6068603624047816,-0.6007052502179975,-0.6248168245182721
