value,Persuasion,Benchmark,0,4,9,24
0,Persuasion 0,0.5729142857142857,0.5724571428571429,0.5720571428571429,0.5725142857142858,0.5721714285714286
0,Persuasion 0.3,0.5517142857142858,0.5532571428571429,0.5521142857142858,0.5518857142857143,0.5521142857142858
0,Persuasion 0.5,0.5365714285714285,0.5356,0.5369142857142858,0.5358857142857143,0.5366285714285715
0,Persuasion 0.7,0.47348571428571434,0.4734285714285714,0.4741142857142857,0.4732571428571428,0.4733142857142857
0,Persuasion 1,0.7123428571428572,0.7123428571428572,0.7123428571428572,0.7123428571428572,0.7123428571428572
