value,Persuasion,Benchmark,0,4,9,24
0,Persuasion 0,0.34010321045274294,0.34061002938584556,0.34050891112422915,0.3406256390000183,0.3406752494910124
0,Persuasion 0.3,0.3056187027349802,0.30421978054828586,0.3044414304342634,0.30440518326622357,0.3057806827518226
0,Persuasion 0.5,0.27558446623414135,0.2750936308734291,0.2754049652959947,0.2756229904066829,0.27558413256483166
0,Persuasion 0.7,0.22632462843982226,0.22663635941496024,0.22621622392560461,0.2264778214582598,0.22639957701574093
0,Persuasion 1,0.3299559307788806,0.3299559307788806,0.3299559307788806,0.3299559307788806,0.3299559307788806
