value,Persuasion,Benchmark,0,4,9,24
0,Persuasion 0,0.42708571428571424,0.4275428571428571,0.4279428571428571,0.4274857142857143,0.42782857142857145
0,Persuasion 0.3,0.44828571428571423,0.44674285714285716,0.4478857142857143,0.44811428571428574,0.4478857142857143
0,Persuasion 0.5,0.46342857142857147,0.46440000000000003,0.46308571428571427,0.4641142857142857,0.4633714285714286
0,Persuasion 0.7,0.5265142857142856,0.5265714285714286,0.5258857142857143,0.5267428571428572,0.5266857142857143
0,Persuasion 1,0.28765714285714283,0.28765714285714283,0.28765714285714283,0.28765714285714283,0.28765714285714283
