value,Persuasion,Benchmark,0,4,9,24
0,Persuasion 0,0.3401032104527429,0.3406100293858455,0.34050891112422915,0.34062563900001835,0.3406752494910124
0,Persuasion 0.3,0.3056187027349802,0.30421978054828586,0.30444143043426336,0.3044051832662237,0.3057806827518225
0,Persuasion 0.5,0.27558446623414135,0.2750936308734291,0.27540496529599473,0.27562299040668303,0.27558413256483166
0,Persuasion 0.7,0.22632462843982226,0.22663635941496024,0.22621622392560461,0.2264778214582598,0.22639957701574093
0,Persuasion 1,0.3299559307788806,0.3299559307788806,0.3299559307788806,0.3299559307788806,0.3299559307788806
