value,Persuasion,Benchmark,0,4,9,24
0,Persuasion 0,-0.6128537494513014,-0.6120205603323797,-0.6106388951529721,-0.6120871584819632,-0.6104725084770309
0,Persuasion 0.3,-0.5336656611036502,-0.5292485070119961,-0.531415283518552,-0.5312187418360945,-0.5369948616701204
0,Persuasion 0.5,-0.4737243803570378,-0.46910301836116536,-0.4744829189262529,-0.4737904042169597,-0.47541040398819195
0,Persuasion 0.7,-0.37619995703898795,-0.3705618924101041,-0.37588721247277534,-0.3747159413213027,-0.37449836114367113
0,Persuasion 1,-1.3970181520153173,-0.9880088566406766,-0.9954156758786045,-0.9754976619517621,-1.0143067896701166
