value,Persuasion,Benchmark,0,4,9,24
0,Persuasion 0,1.9404089595983331,1.9415220656404832,1.941405532226211,1.9407285607312128,1.9415396184129152
0,Persuasion 0.3,1.841954959967286,1.853307094715388,1.8478779537228869,1.8486123425511232,1.8434467613727692
0,Persuasion 0.5,1.718167399046742,1.7217778369167254,1.7187829683895124,1.7192519865365572,1.7208395382834312
0,Persuasion 0.7,1.387853922212247,1.393414861094961,1.3930511007126845,1.390585092388276,1.3899607349437073
0,Persuasion 1,1.9666925164843767,1.9724011832044486,1.977607889038736,1.9687364189509167,1.934048598723441
