value,Persuasion,Benchmark,0,4,9,24
0,Persuasion 0,0.6045420201997479,0.603223960184951,0.6024165893519504,0.6029165458402576,0.60300560822168
0,Persuasion 0.3,0.5424083738352202,0.5426356163679893,0.540110114662363,0.5413068659759539,0.5394925548594427
0,Persuasion 0.5,0.5073754354640313,0.5075293062631241,0.49764832842569956,0.5028236330079666,0.5028423120667134
0,Persuasion 0.7,0.3915891416130283,0.3771868909955863,0.372287545346821,0.3814866089926651,0.37879480474933946
0,Persuasion 1,0.9477756588493861,0.6520801627007596,0.6775747730476741,0.6409988510860186,0.641123131917065
