value,Persuasion,Benchmark,0,4,9,24
0,Persuasion 0,0.04525714285714284,0.042857142857142844,0.044,0.04297142857142856,0.04457142857142857
0,Persuasion 0.3,0.08022857142857143,0.0689142857142857,0.06982857142857142,0.07154285714285714,0.07428571428571429
0,Persuasion 0.5,0.08022857142857144,0.07474285714285714,0.07485714285714287,0.07565714285714287,0.0752
0,Persuasion 0.7,0.1321142857142857,0.13085714285714284,0.11702857142857145,0.12491428571428571,0.12811428571428574
0,Persuasion 1,-0.14251428571428573,0.1417142857142857,0.0793142857142857,0.13268571428571427,0.14525714285714286
