value,Persuasion,Benchmark,0,4,9,24
0,Persuasion 0,1.2033441656793245,1.2079784459835534,1.2073082270736955,1.2075096419602995,1.2072734630623516
0,Persuasion 0.3,1.106956984994111,1.1232184132225855,1.1164319095221542,1.1178778622944618,1.111568084249525
0,Persuasion 0.5,0.96704163968765,0.990787885982197,0.9722587580035768,0.9765760010489865,0.971081351081101
0,Persuasion 0.7,0.5900743283629143,0.6259586673202397,0.6179935778426981,0.6054510121654654,0.6008744154182493
0,Persuasion 1,0.030955242625301412,0.9118918598480935,0.9311935127158935,0.8995939552529953,0.8605132743544556
