value,Persuasion,Benchmark,0,4,9,24
0,Persuasion 0,0.2966084179843132,0.29572585555003167,0.2964104342436977,0.29550869023726273,0.2972449470441105
0,Persuasion 0.3,0.2909713024825204,0.2805088271640487,0.28182901864736865,0.28205906059462976,0.289011243456421
0,Persuasion 0.5,0.2372259798909557,0.23629417255518043,0.23670763546218,0.23645307781148175,0.2361025756830494
0,Persuasion 0.7,0.1628168550382773,0.17337308655778216,0.16604819289640985,0.16559344297434234,0.1658221701667729
0,Persuasion 1,0.0011202805164097522,0.25333587856995704,0.22304674534478475,0.24494013636499923,0.2350731192345327
