value,Persuasion,Benchmark,0,4,9,24
0,Persuasion 0,0.5751999999999999,0.5812,0.5814285714285714,0.5811428571428572,0.5817142857142857
0,Persuasion 0.3,0.5476571428571428,0.5654285714285714,0.5631428571428571,0.5642285714285715,0.5595428571428571
0,Persuasion 0.5,0.5410285714285714,0.5601142857142857,0.5574285714285714,0.5561142857142857,0.5536000000000001
0,Persuasion 0.7,0.4846857142857142,0.5172,0.5178285714285714,0.5028,0.5022285714285714
0,Persuasion 1,0.026914285714285714,0.7704,0.7509714285714285,0.7094285714285714,0.6472571428571429
