value,Persuasion,Benchmark,0,4,9,24
0,Persuasion 0,0.2935902218923589,0.29120486922795247,0.290765367915407,0.29106593072064024,0.29101176768762554
0,Persuasion 0.3,0.2699738112945277,0.26552207148060164,0.26485054806037633,0.2653134218667803,0.2656780895946075
0,Persuasion 0.5,0.2535406160885631,0.24933241572322218,0.24496003494286953,0.24795204526030523,0.24848543517528926
0,Persuasion 0.7,0.20612681224377372,0.19893578932877323,0.194353849252367,0.20074470548836207,0.19998320126494962
0,Persuasion 1,0.067676279579584,0.19446170914048633,0.23023894206530254,0.25106603583797604,0.2936931253678597
