value,Persuasion,Benchmark,0,4,9,24
0,Persuasion 0,1.278469432057991,1.2822494250189944,1.2817077639414733,1.281916117089196,1.2817678756182023
0,Persuasion 0.3,1.1964699768740397,1.2094033393744132,1.20380151177527,1.204793114930279,1.1994070629075295
0,Persuasion 0.5,1.0753195174508996,1.0927414199052488,1.078892261108322,1.0826416401811267,1.0777363051491025
0,Persuasion 0.7,0.7735124620125704,0.7970891632475989,0.791487490917,0.783186479217382,0.7790701708755582
0,Persuasion 1,0.5326454081358897,1.0107972583749856,1.0249418928639389,1.0005960007955792,0.9662484818110464
