value,Persuasion,Benchmark,0,4,9,24
0,Persuasion 0,0.28802804484549976,0.28716119132847584,0.2875940158155677,0.28696994367918127,0.28827823131984476
0,Persuasion 0.3,0.27450615497974384,0.2650866200601068,0.2664509655009783,0.26662231378994644,0.27319734708202503
0,Persuasion 0.5,0.22188450262352932,0.22053927814282856,0.2214951269852911,0.22119246051918354,0.22109255960875193
0,Persuasion 0.7,0.14738648172148597,0.15568138993601038,0.15005989852713245,0.14954378528606627,0.1497376722500878
0,Persuasion 1,0.11003324736302644,0.27739058754065926,0.25246856291638087,0.268879984573538,0.2647922736064573
