value,Persuasion,Benchmark,0,4,9,24
0,Persuasion 0,0.29359022189235884,0.29120486922795247,0.29076536791540697,0.2910659307206403,0.2910117676876256
0,Persuasion 0.3,0.2699738112945277,0.26552207148060175,0.2648505480603764,0.2653134218667803,0.26567808959460754
0,Persuasion 0.5,0.2535406160885631,0.24933241572322218,0.24496003494286955,0.2479520452603053,0.24848543517528926
0,Persuasion 0.7,0.2061268122437737,0.19893578932877323,0.19435384925236704,0.20074470548836207,0.19998320126494962
0,Persuasion 1,0.06767627957958396,0.19446170914048627,0.2302389420653027,0.2510660358379761,0.2936931253678597
