value,Persuasion,Benchmark,0,4,9,24
0,Persuasion 0,0.4248,0.41879999999999995,0.4185714285714286,0.41885714285714276,0.4182857142857142
0,Persuasion 0.3,0.4523428571428571,0.43457142857142866,0.4368571428571429,0.4357714285714286,0.44045714285714294
0,Persuasion 0.5,0.45897142857142864,0.4398857142857143,0.44257142857142856,0.44388571428571433,0.44639999999999996
0,Persuasion 0.7,0.5153142857142857,0.48280000000000006,0.48217142857142853,0.4972,0.49777142857142864
0,Persuasion 1,0.9730857142857142,0.2296,0.24902857142857143,0.2905714285714286,0.35274285714285714
