value,Persuasion,Benchmark,0,4,9,24
0,Persuasion 0,-0.2649837037507633,-0.26504040599733236,-0.2644339872649583,-0.26515185490142495,-0.2640910379686706
0,Persuasion 0.3,-0.24499204554162532,-0.2475969006426917,-0.24772254777205976,-0.24757622796743234,-0.24667515987338487
0,Persuasion 0.5,-0.24786898598306084,-0.24690537550606775,-0.2482947548896162,-0.24820035644413094,-0.24878201888808585
0,Persuasion 0.7,-0.24773541383465897,-0.2422949480027728,-0.2465007662403296,-0.24632270707130438,-0.24616139141860474
0,Persuasion 1,-0.5666562632989406,-0.3752668521730186,-0.38855531347382266,-0.3747924117337645,-0.38948996515184425
