value,Persuasion,Benchmark,0,4,9,24
0,Persuasion 0,1.0355314089114773,1.036961113744027,1.0369667049774272,1.0366032979164763,1.0368446003440366
0,Persuasion 0.3,1.0219494489154701,1.026147564545515,1.024338249565976,1.0250421431866,1.023477157185793
0,Persuasion 0.5,1.0058841577871382,1.0100597018134254,1.0075231098562418,1.0082639058545515,1.0076313635436356
0,Persuasion 0.7,0.9566551000755128,0.9629632887165662,0.9615845666505468,0.9597295195608203,0.9586714476081097
0,Persuasion 1,0.929510676274576,1.010226966762637,1.009468645011805,1.00297580077274,0.9816018834260252
